{
  "n": 2,
  "k_mu": 0.13990562879231144,
  "k_var": 0.6679389202102064,
  "e_mu": 0.0,
  "e_var": 0.6400000000000001,
  "k_last": 0.3718825353332884,
  "cusum_k": 0.4995281439615571,
  "cusum_e": 0.0
}