{
  "n": 1,
  "k_mu": 0.0819114021570672,
  "k_var": 0.8214703289706777,
  "e_mu": 0.0,
  "e_var": 0.8,
  "k_last": 0.40955701078533596,
  "cusum_k": 0.30955701078533593,
  "cusum_e": 0.0
}