{
  "n": 4,
  "k_mu": 0.19408100573571893,
  "k_var": 0.43176696784607754,
  "e_mu": 0.0,
  "e_var": 0.40960000000000013,
  "k_last": 0.2727641116505948,
  "cusum_k": 0.5704050286785944,
  "cusum_e": 0.0
}