{
  "n": 3,
  "k_mu": 0.17441022925699995,
  "k_var": 0.538160952018494,
  "e_mu": 0.0,
  "e_var": 0.5120000000000001,
  "k_last": 0.31242863111575403,
  "cusum_k": 0.5720511462849996,
  "cusum_e": 0.0
}