{
  "mu_len": 30.77341383956524,
  "var_len": 2007.9453343114042,
  "prev_digest": {
    "b0": 1,
    "cycle_plus": 0,
    "x_frontier": 0,
    "s_over_c": 2.0,
    "depth": 3,
    "ucr": 0.0
  },
  "dhol_mu": 4.237312388846964e-05,
  "prev_xf": 0,
  "prev_ucr": 0.0
}