{
  "mu_len": 40.53665488175106,
  "var_len": 4773.049210732621,
  "prev_digest": {
    "b0": 1,
    "cycle_plus": 0,
    "x_frontier": 0,
    "s_over_c": 2.0,
    "depth": 3,
    "ucr": 0.0
  },
  "dhol_mu": 0.00013391999648701517,
  "prev_xf": 0,
  "prev_ucr": 0.0
}