{
  "mu_len": 74.46586572800003,
  "var_len": 13196.376619241193,
  "prev_digest": {
    "b0": 1,
    "cycle_plus": 0,
    "x_frontier": 0,
    "s_over_c": 2.0,
    "depth": 3,
    "ucr": 0.0
  },
  "dhol_mu": 0.0005643377629740887,
  "prev_xf": 0,
  "prev_ucr": 0.0
}