{
  "mu_len": 24.909112216350213,
  "var_len": 273.7669073162989,
  "prev_digest": {
    "b0": 1,
    "cycle_plus": 0,
    "x_frontier": 0,
    "s_over_c": 2.0,
    "depth": 3,
    "ucr": 0.0
  },
  "dhol_mu": 3.181572713839523e-06,
  "prev_xf": 0,
  "prev_ucr": 0.0
}