{
  "mu_len": 27.467987885857408,
  "var_len": 1037.2385528994853,
  "prev_digest": {
    "b0": 1,
    "cycle_plus": 0,
    "x_frontier": 0,
    "s_over_c": 2.0,
    "depth": 3,
    "ucr": 0.0
  },
  "dhol_mu": 1.787616164044813e-05,
  "prev_xf": 0,
  "prev_ucr": 0.0
}