{
  "mu_len": 25.13639027043776,
  "var_len": 342.00201288989433,
  "prev_digest": {
    "b0": 1,
    "cycle_plus": 0,
    "x_frontier": 0,
    "s_over_c": 2.0,
    "depth": 3,
    "ucr": 0.0
  },
  "dhol_mu": 4.2420969517860305e-06,
  "prev_xf": 0,
  "prev_ucr": 0.0
}