{
  "mu_len": 264.64000000000004,
  "var_len": 26314.42432000001,
  "prev_digest": {
    "b0": 1,
    "cycle_plus": 0,
    "x_frontier": 0,
    "s_over_c": 2.0,
    "depth": 3,
    "ucr": 0.0
  },
  "dhol_mu": 0.00422775944607566,
  "prev_xf": 0,
  "prev_ucr": 0.0
}