{
  "mu_len": 26.219512246948742,
  "var_len": 666.0494794321305,
  "prev_digest": {
    "b0": 1,
    "cycle_plus": 0,
    "x_frontier": 0,
    "s_over_c": 2.0,
    "depth": 3,
    "ucr": 0.0
  },
  "dhol_mu": 1.0055340922752073e-05,
  "prev_xf": 0,
  "prev_ucr": 0.0
}