{
  "mu_len": 24.727289773080173,
  "var_len": 219.11931593584455,
  "prev_digest": {
    "b0": 1,
    "cycle_plus": 0,
    "x_frontier": 0,
    "s_over_c": 2.0,
    "depth": 3,
    "ucr": 0.0
  },
  "dhol_mu": 2.386179535379642e-06,
  "prev_xf": 0,
  "prev_ucr": 0.0
}