{
  "mu_len": 34.58345912432068,
  "var_len": 3105.1558180351526,
  "prev_digest": {
    "b0": 1,
    "cycle_plus": 0,
    "x_frontier": 0,
    "s_over_c": 2.0,
    "depth": 3,
    "ucr": 0.0
  },
  "dhol_mu": 7.532999802394603e-05,
  "prev_xf": 0,
  "prev_ucr": 0.0
}