{
  "mu_len": 25.775609797558996,
  "var_len": 533.4701415763419,
  "prev_digest": {
    "b0": 1,
    "cycle_plus": 0,
    "x_frontier": 0,
    "s_over_c": 2.0,
    "depth": 3,
    "ucr": 0.0
  },
  "dhol_mu": 7.541505692064055e-06,
  "prev_xf": 0,
  "prev_ucr": 0.0
}