{
  "mu_len": 25.420487838047197,
  "var_len": 427.1796704006815,
  "prev_digest": {
    "b0": 1,
    "cycle_plus": 0,
    "x_frontier": 0,
    "s_over_c": 2.0,
    "depth": 3,
    "ucr": 0.0
  },
  "dhol_mu": 5.656129269048041e-06,
  "prev_xf": 0,
  "prev_ucr": 0.0
}