{
  "mu_len": 64.37269258240002,
  "var_len": 10883.09215666355,
  "prev_digest": {
    "b0": 1,
    "cycle_plus": 0,
    "x_frontier": 0,
    "s_over_c": 2.0,
    "depth": 3,
    "ucr": 0.0
  },
  "dhol_mu": 0.0004232533222305665,
  "prev_xf": 0,
  "prev_ucr": 0.0
}