{
  "mu_len": 28.334984857321757,
  "var_len": 1293.541456130243,
  "prev_digest": {
    "b0": 1,
    "cycle_plus": 0,
    "x_frontier": 0,
    "s_over_c": 2.0,
    "depth": 3,
    "ucr": 0.0
  },
  "dhol_mu": 2.3834882187264174e-05,
  "prev_xf": 0,
  "prev_ucr": 0.0
}