{
  "mu_len": 44.67081860218882,
  "var_len": 5897.946274746241,
  "prev_digest": {
    "b0": 1,
    "cycle_plus": 0,
    "x_frontier": 0,
    "s_over_c": 2.0,
    "depth": 3,
    "ucr": 0.0
  },
  "dhol_mu": 0.00017855999531602023,
  "prev_xf": 0,
  "prev_ucr": 0.0
}