{
  "mu_len": 24.581831818464142,
  "var_len": 175.36315840167111,
  "prev_digest": {
    "b0": 1,
    "cycle_plus": 0,
    "x_frontier": 0,
    "s_over_c": 2.0,
    "depth": 3,
    "ucr": 0.0
  },
  "dhol_mu": 1.7896346515347315e-06,
  "prev_xf": 0,
  "prev_ucr": 0.0
}