{
  "mu_len": 147.20768000000007,
  "var_len": 25047.836215214098,
  "prev_digest": {
    "b0": 1,
    "cycle_plus": 0,
    "x_frontier": 0,
    "s_over_c": 2.0,
    "depth": 3,
    "ucr": 0.0
  },
  "dhol_mu": 0.0017835860163131691,
  "prev_xf": 0,
  "prev_ucr": 0.0
}