{
  "mu_len": 102.85291520000004,
  "var_len": 18828.617183729304,
  "prev_digest": {
    "b0": 1,
    "cycle_plus": 0,
    "x_frontier": 0,
    "s_over_c": 2.0,
    "depth": 3,
    "ucr": 0.0
  },
  "dhol_mu": 0.0010032671341761576,
  "prev_xf": 0,
  "prev_ucr": 0.0
}