{
  "mu_len": 26.774390308685927,
  "var_len": 831.3302906365743,
  "prev_digest": {
    "b0": 1,
    "cycle_plus": 0,
    "x_frontier": 0,
    "s_over_c": 2.0,
    "depth": 3,
    "ucr": 0.0
  },
  "dhol_mu": 1.3407121230336099e-05,
  "prev_xf": 0,
  "prev_ucr": 0.0
}