{
  "mu_len": 49.83852325273601,
  "var_len": 7265.612158011652,
  "prev_digest": {
    "b0": 1,
    "cycle_plus": 0,
    "x_frontier": 0,
    "s_over_c": 2.0,
    "depth": 3,
    "ucr": 0.0
  },
  "dhol_mu": 0.00023807999375469364,
  "prev_xf": 0,
  "prev_ucr": 0.0
}