{
  "mu_len": 178.00960000000006,
  "var_len": 27514.762166272016,
  "prev_digest": {
    "b0": 1,
    "cycle_plus": 0,
    "x_frontier": 0,
    "s_over_c": 2.0,
    "depth": 3,
    "ucr": 0.0
  },
  "dhol_mu": 0.002378114688417559,
  "prev_xf": 0,
  "prev_ucr": 0.0
}