{
  "mu_len": 87.08233216000004,
  "var_len": 15858.769873132358,
  "prev_digest": {
    "b0": 1,
    "cycle_plus": 0,
    "x_frontier": 0,
    "s_over_c": 2.0,
    "depth": 3,
    "ucr": 0.0
  },
  "dhol_mu": 0.0007524503506321182,
  "prev_xf": 0,
  "prev_ucr": 0.0
}