{
  "mu_len": 216.51200000000006,
  "var_len": 28463.713484800013,
  "prev_digest": {
    "b0": 1,
    "cycle_plus": 0,
    "x_frontier": 0,
    "s_over_c": 2.0,
    "depth": 3,
    "ucr": 0.0
  },
  "dhol_mu": 0.003170819584556745,
  "prev_xf": 0,
  "prev_ucr": 0.0
}