{
  "mu_len": 216.51200000000006,
  "var_len": 28463.713484800013,
  "dhol_mu": 0.0,
  "prev_digest": {
    "b0": 1,
    "cycle_plus": 0,
    "x_frontier": 0,
    "s_over_c": 2.0,
    "depth": 3
  }
}