{
  "mu_len": 24.00429316105967,
  "var_len": 1.2959352943767422,
  "dhol_mu": 0.0,
  "prev_digest": {
    "b0": 1,
    "cycle_plus": 0,
    "x_frontier": 0,
    "s_over_c": 2.0,
    "depth": 3
  }
}