{
  "mu_len": 56.298154065920016,
  "var_len": 8915.10787654402,
  "dhol_mu": 0.0,
  "prev_digest": {
    "b0": 1,
    "cycle_plus": 0,
    "x_frontier": 0,
    "s_over_c": 2.0,
    "depth": 3
  }
}