{
  "mu_len": 29.418731071652193,
  "var_len": 1612.2287967345012,
  "dhol_mu": 0.0,
  "prev_digest": {
    "b0": 1,
    "cycle_plus": 0,
    "x_frontier": 0,
    "s_over_c": 2.0,
    "depth": 3
  }
}