{
  "mu_len": 24.097615180940466,
  "var_len": 29.45886938521953,
  "dhol_mu": 0.0,
  "prev_digest": {
    "b0": 1,
    "cycle_plus": 0,
    "x_frontier": 0,
    "s_over_c": 2.0,
    "depth": 3
  }
}