{
  "receipt_version": "olr/1.4L",
  "claim": "Lean guard receipt.",
  "openline_frame": {
    "digest": {
      "b0": 1,
      "cycle_plus": 0,
      "x_frontier": 0,
      "s_over_c": 2.0,
      "depth": 3,
      "ucr": 0.0
    },
    "telem": {
      "phi_topo": 0.7961147573170411,
      "phi_sem": 0.6352506767648065,
      "kappa_eff": 0.2865613693900919,
      "delta_hol": 1.3407121230336099e-05,
      "evidence_strength": 0.6666666666666666,
      "del_suspect": false,
      "cost_tokens": 24
    },
    "t_logical": 1762199229
  },
  "status": "green"
}